2018-03-02,32.0,32.73,32.28,31.51,322838.47,-0.13,-0.4,32.894,33.069,34.394,441232.08,402557.05,558619.28,0.33
2018-03-01,32.17,33.09,32.41,32.02,336064.31,-0.29,-0.89,33.382,32.968,34.782,453572.16,442767.69,562980.48,0.35
2018-02-28,32.51,33.23,32.7,31.84,500004.47,-0.2,-0.61,33.64,33.002,35.171,446833.95,467241.77,578580.49,0.51
2018-02-27,34.2,34.28,32.9,32.65,506598.16,-1.28,-3.75,33.734,33.03,35.593,400868.16,512454.29,580711.75,0.52
2018-02-26,35.07,35.1,34.18,33.11,540655.0,-0.54,-1.55,33.7,33.322,35.997,390482.15,531778.15,587814.72,0.56
2018-02-23,33.9,35.1,34.72,33.33,384538.88,1.02,3.03,33.244,33.603,36.264,363882.01,532976.13,581108.29,0.4
2018-02-22,34.0,34.05,33.7,33.33,302373.25,0.53,1.6,32.554,33.869,36.499,431963.21,554201.61,589319.26,0.31
2018-02-14,32.87,33.32,33.17,32.17,270175.5,0.44,1.34,32.364,34.249,36.802,487649.59,587506.82,602143.01,0.28
2018-02-13,32.28,33.79,32.73,32.28,454668.12,0.83,2.6,32.326,34.688,37.132,624040.42,650304.05,629243.83,0.47
2018-02-12,31.43,32.32,31.9,31.31,407654.31,0.63,2.02,32.944,35.051,37.506,673074.15,695660.68,655433.67,0.42
2018-02-09,31.5,31.96,31.27,30.2,724944.88,-1.48,-4.52,33.962,35.718,37.765,702070.24,714681.52,672910.26,0.75
2018-02-08,33.0,33.88,32.75,32.49,580805.12,-0.23,-0.7,35.184,36.595,37.979,676440.0,683193.27,663513.68,0.6
2018-02-07,36.43,36.58,32.98,32.5,952129.69,-2.84,-7.93,36.134,37.34,38.099,687364.05,689919.21,654597.61,0.98
2018-02-06,35.93,36.1,35.82,34.88,699836.75,-1.17,-3.16,37.05,38.155,38.234,676567.68,648969.21,629675.92,0.72
2018-02-05,36.8,38.06,36.99,36.31,552634.75,-0.39,-1.04,37.158,38.671,38.235,718247.2,643851.28,618607.04,0.57
2018-02-02,36.5,37.9,37.38,35.8,596793.69,-0.12,-0.32,37.474,38.925,38.185,727292.8,629240.45,632514.48,0.61
2018-02-01,37.5,38.04,37.5,36.9,635425.38,-0.06,-0.16,38.006,39.129,38.054,689946.54,624436.9,644829.9,0.65
2018-01-31,36.61,37.76,37.56,35.62,898147.81,1.2,3.3,38.546,39.355,37.835,692474.38,616779.2,639512.92,0.93
2018-01-30,38.0,38.0,36.36,36.27,908234.38,-2.21,-5.73,39.26,39.576,37.573,621370.74,608183.62,626949.04,0.94
2018-01-29,40.38,40.56,38.57,38.09,597862.75,-1.47,-3.67,40.184,39.96,37.383,569455.36,615206.66,615708.99,0.62
2018-01-26,40.0,40.66,40.04,39.12,410062.38,-0.16,-0.4,40.376,39.812,37.008,531188.09,631138.99,605081.23,0.42
2018-01-25,41.12,41.12,40.2,38.8,648064.56,-0.93,-2.26,40.252,39.363,36.541,558927.27,643834.08,602943.91,0.67
2018-01-24,40.7,42.24,41.13,40.46,542629.62,0.15,0.37,40.164,38.858,36.07,541084.03,619276.01,590315.13,0.56
2018-01-23,40.0,41.51,40.98,39.99,648657.5,1.45,3.67,39.892,38.312,35.539,594996.5,610382.64,577125.93,0.67
2018-01-22,39.0,39.84,39.53,38.51,406526.41,0.11,0.28,39.736,37.798,35.008,660957.96,593362.8,570012.18,0.42
2018-01-19,39.85,41.09,39.42,39.25,548758.25,-0.34,-0.85,39.248,37.444,34.524,731089.89,635788.52,566796.18,0.57
2018-01-18,39.6,40.64,39.76,38.9,558848.38,-0.01,-0.03,38.474,36.978,34.039,728740.9,665222.89,569116.46,0.58
2018-01-17,39.48,40.6,39.77,38.3,812191.94,-0.43,-1.07,37.552,36.314,33.481,697467.99,662246.63,557625.37,0.84
2018-01-16,36.5,40.7,40.2,36.4,978464.81,3.11,8.38,36.732,35.57,32.951,625768.78,645714.46,534019.98,1.01
2018-01-15,35.84,38.0,37.09,35.61,757186.06,1.54,4.33,35.86,34.806,32.364,525767.64,616211.32,506161.09,0.78
2018-01-12,35.1,36.62,35.55,35.09,537013.31,0.4,1.14,35.64,34.203,31.965,540487.15,579023.46,488113.24,0.55
2018-01-11,35.55,35.78,35.15,34.54,402483.81,-0.52,-1.46,35.482,33.718,31.693,601704.87,562053.74,480365.97,0.41
2018-01-10,35.6,36.7,35.67,35.5,453695.91,-0.17,-0.47,35.076,33.282,31.432,627025.27,561354.25,476989.47,0.47
2018-01-09,35.63,36.11,35.84,34.95,478459.09,-0.15,-0.42,34.408,32.765,31.127,665660.13,543869.22,477686.62,0.49
2018-01-08,35.11,36.96,35.99,35.11,830783.62,1.23,3.54,33.752,32.218,30.832,706655.01,546661.56,478870.44,0.86
2018-01-05,32.98,35.88,34.76,32.8,843101.94,1.64,4.95,32.766,31.604,30.523,617559.77,497803.84,466740.62,0.87
2018-01-04,32.76,33.53,33.12,32.1,529085.81,0.79,2.44,31.954,31.1,30.283,522402.61,473010.03,454085.88,0.54
2018-01-03,32.5,33.78,32.33,32.23,646870.19,-0.23,-0.71,31.488,30.648,30.165,495683.22,453004.12,447121.31,0.67
2018-01-02,31.45,32.99,32.56,31.45,683433.5,1.5,4.83,31.122,30.331,30.1,422078.3,422325.51,442992.9,0.7
2017-12-29,30.75,31.71,31.06,30.74,385307.41,0.36,1.17,30.684,29.921,30.015,386668.11,396110.85,427815.73,0.4
2017-12-28,30.4,30.84,30.7,29.87,367316.16,-0.09,-0.29,30.442,29.726,29.998,378047.91,397203.03,436422.29,0.38
2017-12-27,30.55,31.09,30.79,30.4,395488.84,0.29,0.95,30.246,29.667,30.024,423617.44,398678.19,468089.75,0.41
2017-12-26,30.49,30.8,30.5,30.12,278845.59,0.13,0.43,29.808,29.582,30.176,410325.01,392624.7,493200.94,0.29
2017-12-25,30.3,31.33,30.37,30.27,506382.56,0.52,1.74,29.54,29.489,30.188,422572.71,411504.03,499547.98,0.52
2017-12-22,29.6,30.2,29.85,29.57,342206.41,0.13,0.44,29.158,29.445,30.246,405553.59,411079.32,500307.92,0.35
2017-12-21,28.72,30.19,29.72,28.63,595163.81,1.12,3.92,29.01,29.442,30.343,416358.15,435677.4,509414.75,0.61
2017-12-20,29.09,29.1,28.6,28.52,329026.69,-0.56,-1.92,29.088,29.465,30.422,373738.94,435161.74,508672.83,0.34
2017-12-19,28.66,29.25,29.16,28.4,340084.09,0.7,2.46,29.356,29.682,30.617,374924.39,441238.51,544869.98,0.35
2017-12-18,29.11,29.26,28.46,28.04,421286.97,-0.65,-2.23,29.438,29.869,30.749,400435.35,463660.3,581955.21,0.43
2017-12-15,30.12,30.12,29.11,29.1,396229.19,-1.0,-3.32,29.732,30.108,30.771,416605.05,459520.61,580645.29,0.41
2017-12-14,29.94,30.37,30.11,29.85,382067.75,0.17,0.57,29.874,30.27,30.76,454996.65,475641.54,589031.03,0.39
2017-12-13,29.57,30.1,29.94,29.35,334953.94,0.37,1.25,29.842,30.381,30.702,496584.53,537501.32,598649.24,0.34
2017-12-12,29.73,30.36,29.57,29.51,467638.91,-0.36,-1.2,30.008,30.769,30.627,507552.63,593777.18,608955.43,0.48
2017-12-11,29.82,29.95,29.93,29.3,502135.44,0.11,0.37,30.3,30.887,30.573,526885.25,587591.94,622364.76,0.52
2017-12-08,29.38,29.88,29.82,29.05,588187.19,-0.13,-0.43,30.484,31.046,30.43,502436.16,589536.52,614615.32,0.61
2017-12-07,30.57,31.9,29.95,29.9,590007.19,-0.82,-2.67,30.666,31.244,30.314,496286.44,583152.11,600501.59,0.61
2017-12-06,30.73,31.2,30.77,30.26,389794.44,-0.26,-0.84,30.92,31.379,30.2,578418.1,582183.93,582707.58,0.4
2017-12-05,30.6,31.48,31.03,30.2,564302.0,0.18,0.58,31.53,31.552,30.044,680001.72,648501.46,583150.92,0.58
2017-12-04,30.6,31.3,30.85,29.9,379890.0,0.12,0.39,31.474,31.628,29.885,648298.62,700250.12,573926.73,0.39
2017-12-01,30.5,32.03,30.73,30.5,557438.56,-0.49,-1.57,31.608,31.433,29.715,676636.87,701769.97,580406.49,0.57
2017-11-30,33.1,33.4,31.22,30.68,1000665.5,-2.6,-7.69,31.822,31.25,29.588,670017.77,702420.51,575305.98,1.03
2017-11-29,30.78,33.83,33.82,30.28,897712.56,3.07,9.98,31.838,31.022,29.5,585949.75,659797.17,543368.03,0.92
2017-11-28,31.09,31.35,30.75,30.1,405786.47,-0.77,-2.44,31.574,30.484,29.266,617001.19,624133.69,529628.96,0.42
2017-11-27,31.45,32.6,31.52,30.59,521581.28,-0.28,-0.88,31.782,30.259,29.177,752201.62,657137.59,532503.53,0.54
2017-11-24,31.18,32.29,31.8,30.47,524343.06,0.5,1.6,31.258,29.813,29.05,726903.06,639694.11,540260.02,0.54
2017-11-23,32.42,32.74,31.3,31.02,580325.38,-1.2,-3.69,30.678,29.384,28.835,734823.24,617851.08,536415.05,0.6
2017-11-22,31.9,33.08,32.5,31.54,1052969.75,0.71,2.23,30.206,29.021,28.646,733644.59,583231.24,528537.13,1.08
2017-11-21,28.54,31.79,31.79,28.54,1081788.62,2.89,10.0,29.394,28.535,28.393,631266.19,517800.39,498175.01,1.11
2017-11-20,28.8,29.01,28.9,27.48,395088.47,0.0,0.0,28.736,28.141,28.153,562073.57,447603.35,469544.98,0.41
2017-11-17,28.85,29.6,28.9,28.6,563944.0,-0.04,-0.14,28.368,27.997,28.004,552485.17,459043.01,459666.92,0.58
2017-11-16,28.35,29.38,28.94,28.32,574432.12,0.5,1.76,28.09,27.926,27.868,500878.92,448191.46,438765.49,0.59
2017-11-15,28.28,28.66,28.44,27.91,541077.75,-0.06,-0.21,27.836,27.977,27.723,432817.89,426938.89,420170.16,0.56
2017-11-14,27.05,28.5,28.5,26.7,735825.5,1.44,5.32,27.676,28.048,27.623,404334.6,435124.24,409818.89,0.76
2017-11-13,27.45,27.49,27.06,26.8,347146.47,-0.45,-1.64,27.546,28.094,27.508,333133.13,407869.46,382268.17,0.36
2017-11-10,27.6,27.83,27.51,27.36,305912.75,-0.16,-0.58,27.626,28.286,27.471,365600.85,440825.92,380661.25,0.32
2017-11-09,27.52,27.79,27.67,27.3,234126.98,0.03,0.11,27.762,28.285,27.442,395504.0,454979.03,381862.01,0.24
2017-11-08,27.75,28.14,27.64,27.41,398661.28,-0.21,-0.75,28.118,28.271,27.413,421059.89,473843.01,387604.65,0.41
2017-11-07,27.36,27.95,27.85,27.3,379818.16,0.39,1.42,28.42,28.25,27.375,465913.88,478549.63,388971.46,0.39
2017-11-06,28.2,28.27,27.46,26.95,509485.09,-0.73,-2.59,28.642,28.165,27.312,482605.79,491486.61,388335.61,0.52
2017-11-03,29.23,29.52,28.19,28.05,455428.47,-1.26,-4.28,28.946,28.012,27.262,516050.99,460290.82,398448.23,0.47
2017-11-02,29.3,29.48,29.45,28.68,361906.47,0.3,1.03,28.808,27.809,27.165,514454.06,429339.51,392964.44,0.37
2017-11-01,28.96,30.54,29.15,28.73,622931.19,0.19,0.66,28.424,27.469,27.013,526626.14,413401.42,387986.47,0.64
2017-10-31,28.8,29.28,28.96,28.28,463277.75,-0.02,-0.07,28.08,27.197,26.898,491185.39,384513.55,375216.62,0.48
2017-10-30,27.5,29.0,28.98,27.41,676711.06,1.48,5.38,27.688,26.922,26.788,500367.43,356666.88,381704.96,0.7
2017-10-27,27.7,28.28,27.5,27.26,447443.84,-0.03,-0.11,27.078,26.655,26.645,404530.66,320496.58,384004.53,0.46
2017-10-26,27.3,27.88,27.53,26.91,422766.84,0.1,0.36,26.81,26.598,26.66,344224.97,308745.0,382786.99,0.44
2017-10-25,27.01,28.0,27.43,26.86,445727.44,0.43,1.59,26.514,26.555,26.704,300176.71,301366.28,388464.85,0.46
2017-10-24,25.81,27.2,27.0,25.81,509187.97,1.07,4.13,26.314,26.499,26.769,277841.7,299393.28,396833.27,0.52
2017-10-23,26.17,26.2,25.93,25.77,197527.2,-0.23,-0.88,26.156,26.458,26.857,212966.32,285184.61,431189.29,0.2
2017-10-20,26.0,26.23,26.16,25.73,145915.38,0.11,0.42,26.232,26.512,26.963,236462.5,336605.64,474465.08,0.15
2017-10-19,26.44,26.57,26.05,26.01,202525.56,-0.38,-1.44,26.386,26.521,27.12,273265.03,356589.37,544694.1,0.21
2017-10-18,26.21,26.56,26.43,25.61,334052.41,0.22,0.84,26.596,26.557,27.195,302555.86,362571.51,592102.62,0.34
2017-10-17,26.32,26.52,26.21,26.14,184811.06,-0.1,-0.38,26.684,26.598,27.162,320944.86,365919.69,598773.19,0.19
2017-10-16,26.96,26.97,26.31,26.13,315008.09,-0.62,-2.3,26.76,26.653,27.114,357402.9,406743.04,611645.72,0.32
2017-10-13,27.2,27.58,26.93,26.81,329928.03,-0.17,-0.63,26.792,26.634,27.063,436748.77,447512.48,625033.98,0.34
2017-10-12,26.99,27.2,27.1,26.72,348979.69,0.23,0.86,26.656,26.722,27.006,439913.7,456828.99,648325.97,0.36
2017-10-11,26.69,27.27,26.87,26.47,425997.41,0.28,1.05,26.518,26.852,26.949,422587.16,475563.42,694605.48,0.44
2017-10-10,26.4,26.69,26.59,26.19,367101.28,0.12,0.45,26.512,27.038,26.796,410894.51,494273.26,691391.59,0.38
2017-10-09,27.45,27.65,26.47,26.24,711737.44,0.22,0.84,26.546,27.256,26.654,456083.17,577193.98,700026.17,0.73
2017-09-29,26.56,26.8,26.25,26.0,345752.69,-0.16,-0.61,26.476,27.413,26.479,458276.19,612324.53,677853.47,0.36
2017-09-28,27.0,27.15,26.41,26.4,262347.0,-0.43,-1.6,26.788,27.718,26.31,473744.28,732798.83,680919.85,0.27
2017-09-27,27.0,27.28,26.84,26.52,367534.16,0.08,0.3,27.186,27.833,26.151,528539.68,821633.74,682747.18,0.38
2017-09-26,26.12,27.22,26.76,26.1,593044.56,0.64,2.45,27.564,27.725,25.971,577652.0,831626.7,681230.58,0.61
2017-09-25,27.2,27.2,26.12,26.1,722702.56,-1.69,-6.08,27.966,27.575,25.801,698304.79,816548.4,673409.03,0.74
2017-09-22,28.39,28.67,27.81,27.52,423093.12,-0.59,-2.08,28.35,27.491,25.696,766372.87,802555.49,682197.79,0.44
2017-09-21,28.5,29.06,28.4,27.75,536324.0,-0.33,-1.15,28.648,27.289,25.465,991853.37,839822.95,685238.06,0.55
2017-09-20,28.5,29.55,28.73,28.0,613095.75,-0.04,-0.14,28.48,27.046,25.2,1114727.8,913647.54,667446.31,0.63
2017-09-19,28.27,30.1,28.77,28.1,1196308.5,0.73,2.6,27.886,26.553,24.925,1085601.4,888509.92,647902.58,1.23
2017-09-18,29.01,29.74,28.04,27.99,1063043.0,-1.26,-4.3,27.184,26.052,24.647,934792.02,822858.37,613293.33,1.09
2017-09-15,27.5,30.22,29.3,27.47,1550495.62,1.74,6.31,26.632,25.544,24.376,838738.1,743382.4,574532.8,1.6
2017-09-14,25.78,28.06,27.56,25.55,1150696.12,1.8,6.99,25.93,24.902,24.052,687792.52,629040.87,524644.26,1.19
2017-09-13,25.3,26.05,25.76,24.99,467463.75,0.5,1.98,25.612,24.469,23.77,712567.28,543860.62,476996.89,0.48
2017-09-12,25.03,25.47,25.26,24.82,442261.62,-0.02,-0.08,25.22,24.217,23.575,691418.45,530834.46,465101.95,0.46
2017-09-11,25.61,26.39,25.28,25.03,582773.38,-0.51,-1.98,24.92,24.027,23.413,710924.71,530269.65,455374.99,0.6
2017-09-08,25.9,26.28,25.79,25.16,795767.75,-0.18,-0.69,24.456,23.9,23.247,648026.71,561840.09,446279.84,0.82
2017-09-07,23.96,26.18,25.97,23.96,1274569.88,2.17,9.12,23.874,23.641,23.058,570289.21,530653.17,423698.0,1.31
2017-09-06,23.79,24.27,23.8,23.5,361719.62,0.04,0.17,23.326,23.353,22.9,375153.95,421245.08,371934.62,0.37
2017-09-05,23.05,23.89,23.76,23.05,539792.94,0.8,3.48,23.214,23.297,22.857,370250.46,407295.24,366097.84,0.56
2017-09-04,22.9,23.04,22.96,22.69,268283.34,0.08,0.35,23.134,23.242,22.808,349614.58,403728.29,348687.44,0.28
2017-09-01,23.26,23.37,22.88,22.74,407080.28,-0.35,-1.51,23.344,23.208,22.795,475653.47,405683.2,346977.85,0.42
2017-08-31,23.19,23.43,23.23,23.01,298893.59,-0.01,-0.04,23.408,23.202,22.793,491017.13,420247.65,341429.99,0.31
2017-08-30,23.52,23.58,23.24,23.23,337202.16,-0.12,-0.51,23.38,23.071,22.787,467336.2,410133.17,349244.78,0.35
2017-08-29,23.38,23.57,23.36,22.85,436613.53,0.14,0.6,23.38,22.933,22.804,444340.01,399369.44,350080.18,0.45
2017-08-28,23.27,24.42,24.01,23.27,898477.81,0.81,3.49,23.35,22.799,22.807,457842.0,380480.33,338725.63,0.93
2017-08-25,23.5,23.68,23.2,23.14,483898.56,0.11,0.48,23.072,22.593,22.775,335712.92,330719.59,309272.98,0.5
2017-08-24,23.18,23.32,23.09,22.85,180488.95,-0.15,-0.65,22.996,22.475,22.797,349478.17,316742.83,305703.44,0.19
2017-08-23,23.25,23.3,23.24,22.92,222221.19,0.03,0.13,22.762,22.446,22.792,352930.14,322624.16,317996.55,0.23
2017-08-22,22.78,23.4,23.21,22.65,504123.47,0.59,2.61,22.486,22.417,22.801,354398.87,324900.44,322243.47,0.52
2017-08-21,22.7,22.81,22.62,22.39,287832.44,-0.2,-0.88,22.248,22.373,22.804,303118.66,293646.59,315170.03,0.3
2017-08-18,21.88,22.95,22.82,21.81,552724.81,0.9,4.11,22.114,22.382,22.863,325726.25,288272.5,342541.41,0.57
2017-08-17,21.9,21.97,21.92,21.72,197748.77,0.06,0.27,21.954,22.384,22.961,284007.49,262612.32,338788.3,0.2
2017-08-16,22.1,22.1,21.86,21.75,229564.84,-0.16,-0.73,22.13,22.503,23.132,292318.19,288356.38,360584.72,0.24
2017-08-15,21.99,22.18,22.02,21.86,247722.44,0.07,0.32,22.348,22.675,23.296,295402.01,300790.92,399510.01,0.26
2017-08-14,22.12,22.25,21.95,21.73,400870.41,-0.07,-0.32,22.498,22.815,23.46,284174.52,296970.93,426715.58,0.41
2017-08-11,22.6,22.69,22.02,22.0,344130.97,-0.78,-3.42,22.65,22.957,23.592,250818.74,287826.37,416761.92,0.35
2017-08-10,22.99,22.99,22.8,22.53,239302.28,-0.15,-0.65,22.814,23.118,23.713,241217.15,294664.05,441223.89,0.25
2017-08-09,22.8,23.08,22.95,22.71,244983.95,0.18,0.79,22.876,23.138,23.846,284394.58,313368.95,479103.53,0.25
2017-08-08,22.81,22.81,22.77,22.58,191585.0,0.06,0.26,23.002,23.185,23.936,306179.82,319586.49,490630.35,0.2
2017-08-07,22.82,23.05,22.71,22.68,234091.48,-0.13,-0.57,23.132,23.234,24.019,309767.35,336693.47,511513.7,0.24
2017-08-04,23.0,23.06,22.84,22.71,296123.06,-0.27,-1.17,23.264,23.343,24.116,324834.01,396810.33,529008.25,0.3
2017-08-03,23.58,23.58,23.11,22.79,455189.41,-0.47,-1.99,23.422,23.537,24.185,348110.94,414964.28,537940.56,0.47
2017-08-02,23.45,24.12,23.58,23.43,353910.16,0.16,0.68,23.4,23.761,24.257,342343.31,432813.05,552572.49,0.36
2017-08-01,23.35,23.55,23.42,23.2,209522.62,0.05,0.21,23.368,23.917,24.271,332993.16,498229.11,571902.91,0.22
2017-07-31,23.52,23.58,23.37,23.1,309424.81,-0.26,-1.1,23.336,24.105,24.328,363619.6,556460.22,584073.68,0.32
2017-07-28,23.0,23.84,23.63,23.0,412507.69,0.63,2.74,23.422,24.227,24.408,468786.65,545697.47,598383.18,0.42
2017-07-27,23.45,23.63,23.0,22.94,426351.28,-0.42,-1.79,23.652,24.307,24.485,481817.62,587783.73,613105.72,0.44
2017-07-26,23.28,23.68,23.42,23.23,307159.41,0.16,0.69,24.122,24.553,24.585,523282.78,644838.12,639104.15,0.32
2017-07-25,23.6,23.74,23.26,23.22,362654.81,-0.54,-2.27,24.466,24.686,24.691,663465.05,661674.2,683665.2,0.37
2017-07-24,24.7,24.72,23.8,23.38,835260.06,-0.98,-3.96,24.874,24.803,24.852,749300.84,686333.92,751091.61,0.86
2017-07-21,25.19,25.64,24.78,24.65,477662.56,-0.57,-2.25,25.032,24.889,24.865,622608.29,661206.17,771887.95,0.49
2017-07-20,24.85,25.64,25.35,24.73,633677.06,0.21,0.83,24.962,24.833,24.72,693749.84,660916.83,783801.27,0.65
2017-07-19,24.85,26.06,25.14,24.43,1008070.75,-0.16,-0.63,24.984,24.752,24.505,766393.46,672331.93,761844.54,1.04
2017-07-18,25.58,25.8,25.3,24.88,791833.75,0.71,2.89,24.906,24.624,24.299,659883.36,645576.73,723278.8,0.82
2017-07-14,24.45,24.83,24.59,24.36,201797.31,0.16,0.66,24.732,24.551,24.083,623367.0,611687.15,689632.89,0.21
2017-07-13,24.91,25.35,24.43,24.4,833370.31,-1.03,-4.05,24.746,24.589,23.901,699804.05,651068.9,686507.93,0.86
2017-07-12,25.7,26.7,25.46,25.22,996895.19,0.71,2.87,24.704,24.662,23.731,628083.83,638427.7,656499.85,1.03
2017-07-11,24.27,25.1,24.75,24.15,475520.25,0.32,1.31,24.52,24.616,23.526,578270.39,633370.19,625160.46,0.49
2017-07-10,24.4,25.38,24.43,24.22,609251.94,-0.23,-0.93,24.342,24.695,23.388,631270.09,705656.2,624934.54,0.63
2017-07-07,24.27,25.09,24.66,24.03,583982.56,0.44,1.82,24.37,24.9,23.252,600007.3,815849.31,641685.77,0.6
2017-07-06,24.3,24.66,24.22,23.95,474769.19,-0.32,-1.3,24.432,24.841,23.062,602333.75,882569.73,637125.44,0.49
2017-07-05,23.94,24.65,24.54,23.43,747828.0,0.68,2.85,24.62,24.607,22.906,648771.57,906685.71,627664.2,0.77
2017-07-04,24.57,24.93,23.86,23.52,740518.75,-0.71,-2.89,24.712,24.257,22.727,688469.99,851357.16,602042.67,0.76
2017-07-03,24.76,25.2,24.57,24.36,452938.0,-0.4,-1.6,25.048,23.974,22.588,780042.31,800980.88,578334.98,0.47
2017-06-30,25.0,25.39,24.97,24.64,595614.81,-0.19,-0.76,25.43,23.615,22.423,1031691.31,767578.63,589804.6,0.61
2017-06-29,25.16,25.42,25.16,24.56,706958.31,0.16,0.64,25.25,23.212,22.202,1162805.7,721946.97,560024.16,0.73
2017-06-28,25.38,25.89,25.0,24.78,946320.06,-0.54,-2.11,24.594,22.8,21.971,1164599.85,674572.0,544709.19,0.97
2017-06-27,26.01,26.03,25.54,25.17,1198380.38,-0.94,-3.55,23.802,22.435,21.746,1014244.34,616950.73,542242.15,1.23
2017-06-26,24.94,26.48,26.48,24.55,1711183.0,2.41,10.01,22.9,22.081,21.429,821919.44,544212.88,491787.63,1.76
2017-06-23,21.84,24.07,24.07,21.8,1251186.75,2.19,10.01,21.8,21.603,21.066,503465.94,467522.23,416364.29,1.29
2017-06-22,21.1,22.3,21.88,21.1,715929.06,0.84,3.99,21.174,21.283,20.816,281088.24,391681.15,361169.6,0.74
2017-06-21,21.35,21.43,21.04,20.9,194542.52,0.01,0.05,21.006,21.205,20.681,184544.15,348642.69,330491.81,0.2
2017-06-20,20.94,21.27,21.03,20.82,236755.86,0.05,0.24,21.068,21.196,20.581,219657.12,352728.18,325977.71,0.24
2017-06-19,20.94,21.07,20.98,20.9,118915.52,0.04,0.19,21.262,21.202,20.486,266506.33,355689.09,321102.3,0.12
2017-06-16,21.05,21.18,20.94,20.9,139298.22,-0.1,-0.47,21.406,21.23,20.399,431578.53,412030.57,324618.16,0.14
2017-06-15,21.26,21.3,21.04,20.82,233208.62,-0.31,-1.45,21.392,21.191,20.319,502274.06,398101.35,323757.91,0.24
2017-06-14,21.9,21.9,21.35,21.32,370107.38,-0.65,-2.96,21.404,21.142,20.237,512741.22,414846.38,323207.17,0.38
2017-06-13,21.91,22.46,22.0,21.5,471001.91,0.3,1.38,21.324,21.057,20.131,485799.23,467533.57,322064.55,0.49
2017-06-12,21.48,22.8,21.7,21.48,944276.5,0.83,3.98,21.142,20.776,19.965,444871.86,439362.37,306318.21,0.97
2017-06-06,21.05,21.45,20.87,20.83,492775.88,-0.23,-1.09,21.054,20.529,19.811,392482.62,365206.35,265282.6,0.51
2017-06-05,20.75,21.26,21.1,20.71,285544.44,0.15,0.72,20.99,20.349,19.691,293928.64,330658.05,249843.61,0.29
2017-06-02,21.08,21.3,20.95,20.78,235397.44,-0.14,-0.66,20.88,20.156,19.58,316951.54,312340.94,241393.93,0.24
2017-06-01,21.1,21.37,21.09,20.93,266365.03,-0.17,-0.8,20.79,19.965,19.484,449267.9,299227.25,238547.41,0.27
2017-05-31,21.49,21.58,21.26,20.9,682330.31,0.71,3.46,20.41,19.77,19.372,433852.88,286515.5,238692.47,0.7
2017-05-30,20.56,20.56,20.55,20.55,6.0,0.0,0.0,20.004,19.567,19.269,337930.09,237205.75,213797.13,0.0
2017-05-26,20.3,20.75,20.55,20.07,400658.91,0.05,0.24,19.708,19.446,19.217,367387.46,249414.47,231668.39,0.41
2017-05-25,19.15,20.83,20.5,19.12,896979.25,1.31,6.83,19.432,19.331,19.177,307730.34,231567.96,237591.37,0.92
2017-05-24,19.14,19.31,19.19,18.92,189289.92,-0.04,-0.21,19.14,19.205,19.17,149186.6,176595.53,202052.05,0.19
2017-05-23,19.01,19.3,19.23,18.92,202716.36,0.16,0.84,19.13,19.153,19.238,139178.12,173274.06,199395.73,0.21
2017-05-22,19.17,19.17,19.07,18.84,147292.88,-0.1,-0.52,19.13,19.092,19.298,136481.41,165358.84,198264.56,0.15
2017-05-19,19.07,19.19,19.17,19.02,102373.29,0.13,0.68,19.184,19.032,19.379,131441.49,169029.17,201322.14,0.11
2017-05-18,19.02,19.12,19.04,18.97,104260.53,-0.1,-0.52,19.23,19.004,19.452,155405.58,170446.92,208614.17,0.11
2017-05-17,19.13,19.18,19.14,19.01,139247.56,-0.09,-0.47,19.27,19.002,19.526,204004.46,177867.57,213217.52,0.14
2017-05-16,19.3,19.31,19.23,18.87,189232.8,-0.11,-0.57,19.176,18.974,19.593,207369.99,190869.43,213054.58,0.19
2017-05-15,19.4,19.47,19.34,19.27,122093.25,-0.06,-0.31,19.054,18.971,19.659,194236.27,190388.52,211774.12,0.13
2017-05-12,19.11,19.45,19.4,18.93,222193.77,0.16,0.83,18.88,18.987,19.724,206616.85,213922.31,216594.76,0.23
2017-05-11,18.67,19.4,19.24,18.5,347254.91,0.57,3.05,18.778,19.023,19.801,185488.26,243614.78,218940.14,0.36
2017-05-10,18.62,18.84,18.67,18.62,156075.22,0.05,0.27,18.734,19.135,19.89,151730.69,227508.58,233870.16,0.16
2017-05-09,18.43,18.68,18.62,18.32,123564.22,0.15,0.81,18.772,19.323,19.992,174368.87,225517.4,249009.41,0.13
2017-05-08,18.89,18.96,18.47,18.44,183996.14,-0.42,-2.22,18.888,19.504,20.091,186540.76,231170.27,256561.17,0.19
2017-05-05,18.95,19.07,18.89,18.81,116550.82,-0.13,-0.68,19.094,19.725,20.207,221227.77,233615.11,263056.68,0.12
2017-05-04,18.9,19.19,19.02,18.9,178467.05,0.16,0.85,19.268,19.899,20.302,301741.29,246781.41,283914.79,0.18
2017-05-03,19.2,19.25,18.86,18.83,269266.12,-0.34,-1.77,19.536,20.05,20.38,303286.46,248567.46,317591.27,0.28
2017-05-02,19.3,19.37,19.2,19.1,184423.69,-0.3,-1.54,19.874,20.211,20.466,276665.92,235239.73,311792.82,0.19
2017-04-28,19.38,19.55,19.5,19.13,357431.16,-0.26,-1.32,20.12,20.347,20.533,275799.78,233159.72,318453.66,0.37
2017-04-27,20.32,20.33,19.76,19.0,519118.44,-0.6,-2.95,20.356,20.461,20.608,246002.46,219267.2,312133.88,0.53
2017-04-26,20.49,20.53,20.36,20.34,186192.91,-0.19,-0.93,20.53,20.579,20.684,191821.52,194265.5,299105.54,0.19
2017-04-25,20.44,20.63,20.55,20.4,136163.42,0.12,0.59,20.564,20.645,20.726,193848.46,240231.75,309528.63,0.14
2017-04-24,20.68,20.69,20.43,20.31,180092.95,-0.25,-1.21,20.548,20.66,20.773,193813.54,272501.42,321944.63,0.19
2017-04-21,20.64,20.75,20.68,20.55,208444.56,0.05,0.24,20.574,20.677,20.824,190519.67,281952.07,339685.3,0.21
2017-04-20,20.5,20.75,20.63,20.5,248213.78,0.1,0.49,20.566,20.689,20.843,192531.95,292498.25,341442.14,0.26
2017-04-19,20.45,20.62,20.53,20.3,196327.59,0.06,0.29,20.628,20.705,20.871,196709.48,321048.16,343443.6,0.2
2017-04-18,20.56,20.65,20.47,20.46,135988.81,-0.09,-0.44,20.726,20.71,20.901,286615.03,386615.08,361420.48,0.14
2017-04-17,20.64,20.64,20.56,20.37,163623.62,-0.08,-0.39,20.772,20.721,20.954,351189.3,388345.91,394078.37,0.17
2017-04-14,20.92,20.92,20.64,20.6,218505.95,-0.3,-1.43,20.78,20.718,20.99,373384.46,403747.59,411728.38,0.23
2017-04-13,21.0,21.15,20.94,20.72,269101.41,-0.08,-0.38,20.812,20.755,21.022,392464.55,405000.55,426124.42,0.28
2017-04-12,20.7,21.57,21.02,20.7,645855.38,0.32,1.55,20.782,20.788,21.054,445386.85,403945.59,473166.37,0.67
2017-04-11,20.6,20.7,20.7,20.2,458860.16,0.1,0.48,20.694,20.806,21.038,486615.13,378825.52,461835.35,0.47
2017-04-10,20.72,20.75,20.6,20.51,274599.41,-0.2,-0.96,20.67,20.885,21.033,425502.51,371387.85,450707.77,0.28
2017-04-07,20.79,20.91,20.8,20.67,313906.38,0.01,0.05,20.656,20.97,21.029,434110.71,397418.54,449279.75,0.32
2017-04-06,20.63,20.85,20.79,20.58,533712.94,0.21,1.02,20.698,20.997,21.025,417536.55,390386.04,466477.56,0.55
2017-04-05,20.63,21.0,20.58,20.55,851996.75,0.0,0.0,20.794,21.036,20.998,362504.32,365839.04,448870.52,0.88
2017-03-31,20.53,20.64,20.58,20.51,153297.08,0.05,0.24,20.918,21.091,20.98,271035.91,336225.88,420087.53,0.16
2017-03-30,21.0,21.06,20.53,20.48,317640.41,-0.48,-2.29,21.1,21.187,20.961,317273.19,399810.83,420935.71,0.33
2017-03-29,21.28,21.29,21.01,21.0,231035.59,-0.26,-1.22,21.284,21.261,20.952,360726.37,419709.18,416195.04,0.24
2017-03-28,21.2,21.43,21.27,21.02,258551.77,0.07,0.33,21.296,21.289,20.926,363235.52,447248.29,417173.32,0.27
2017-03-27,21.58,21.6,21.2,21.1,394654.72,-0.29,-1.35,21.278,21.319,20.889,369173.76,542387.15,412233.84,0.41
2017-03-24,21.4,21.69,21.49,21.3,384483.44,0.04,0.19,21.264,21.27,20.855,401415.84,544845.19,407173.43,0.4
2017-03-23,21.08,21.91,21.45,20.96,534906.31,0.38,1.8,21.274,21.181,20.817,482348.46,530027.69,398826.25,0.55
2017-03-22,21.15,21.17,21.07,20.95,243581.36,-0.11,-0.52,21.238,21.087,20.784,478691.98,501140.97,381662.82,0.25
2017-03-21,21.01,21.34,21.18,20.82,288242.97,0.05,0.24,21.282,21.052,20.775,531261.05,542569.07,380752.06,0.3
2017-03-20,21.49,21.49,21.13,20.85,555865.12,-0.41,-1.9,21.36,20.96,20.765,715600.53,531902.0,393182.75,0.57
2017-03-17,22.0,22.28,21.54,21.5,789146.56,0.27,1.27,21.276,20.869,20.739,688274.53,503949.19,377763.66,0.81
2017-03-16,21.41,21.68,21.27,21.13,516623.91,-0.02,-0.09,21.088,20.735,20.689,577706.91,442060.59,348213.44,0.53
2017-03-15,21.36,21.57,21.29,21.0,506426.69,-0.28,-1.3,20.936,20.642,20.66,523589.95,412680.9,330934.97,0.52
2017-03-14,20.81,22.4,21.57,20.72,1209940.38,0.86,4.15,20.822,20.563,20.629,553877.1,387098.35,319979.76,1.25
2017-03-13,20.65,20.88,20.71,20.51,419235.12,0.11,0.53,20.56,20.459,20.596,348203.47,282080.53,277970.93,0.43
2017-03-10,20.52,20.75,20.6,20.52,236308.44,0.09,0.44,20.462,20.44,20.599,319623.84,269501.68,271267.75,0.24
2017-03-09,20.6,20.73,20.51,20.35,246039.12,-0.21,-1.01,20.382,20.452,20.602,306414.27,267624.82,276198.63,0.25
2017-03-08,20.27,20.85,20.72,20.26,657862.44,0.46,2.27,20.348,20.48,20.616,301771.85,262184.67,297859.11,0.68
2017-03-07,20.24,20.29,20.26,20.18,181572.23,0.04,0.2,20.304,20.498,20.615,220319.6,218935.04,273970.07,0.19
2017-03-06,20.25,20.39,20.22,20.14,276336.97,0.02,0.1,20.358,20.57,20.634,215957.59,254463.49,273595.29,0.28
2017-03-03,20.34,20.37,20.2,20.12,170260.59,-0.14,-0.69,20.418,20.609,20.658,219379.51,251578.14,266829.85,0.18
2017-03-02,20.52,20.54,20.34,20.33,222827.0,-0.16,-0.78,20.522,20.643,20.682,228835.37,254366.29,263763.15,0.23
2017-03-01,20.55,20.59,20.5,20.49,250601.2,-0.03,-0.15,20.612,20.677,20.803,222597.5,249189.04,252651.75,0.26
2017-02-28,20.52,20.59,20.53,20.47,159762.2,0.01,0.05,20.692,20.694,20.812,217550.48,252861.18,247184.1,0.16
2017-02-27,20.57,20.63,20.52,20.48,293446.56,-0.2,-0.96,20.782,20.732,20.816,292969.39,273861.32,246928.36,0.3
2017-02-24,20.72,20.77,20.72,20.62,217539.88,-0.07,-0.34,20.8,20.757,20.824,283776.77,273033.82,240221.95,0.22
2017-02-23,20.94,20.98,20.79,20.72,191637.66,-0.11,-0.53,20.764,20.751,20.825,279897.21,284772.44,237163.61,0.2
2017-02-22,20.95,20.95,20.9,20.79,225366.08,-0.08,-0.38,20.742,20.752,20.82,275780.58,333533.55,238334.38,0.23
2017-02-21,20.72,20.98,20.98,20.63,536856.75,0.37,1.79,20.696,20.731,20.805,288171.87,329005.11,237910.48,0.55
2017-02-20,20.55,20.73,20.61,20.52,247483.48,0.07,0.34,20.682,20.697,20.802,254753.26,292727.09,227306.26,0.25
2017-02-17,20.68,20.68,20.54,20.52,198142.08,-0.14,-0.68,20.714,20.707,20.811,262290.87,282081.55,230984.1,0.2
2017-02-16,20.67,20.76,20.68,20.59,171054.5,0.01,0.05,20.738,20.721,20.834,289647.67,273160.0,248739.01,0.18
2017-02-15,20.9,20.9,20.67,20.66,287322.56,-0.24,-1.15,20.762,20.928,20.891,391286.52,256114.45,293399.6,0.3
2017-02-14,20.77,20.98,20.91,20.7,369763.69,0.14,0.67,20.766,20.929,20.877,369838.34,241507.02,287466.08,0.38
2017-02-13,20.65,20.85,20.77,20.59,285171.5,0.11,0.53,20.712,20.899,20.861,330700.92,219995.39,276936.47,0.29
2017-02-10,20.78,20.78,20.66,20.57,334926.09,-0.14,-0.67,20.7,20.891,20.855,301872.24,207410.09,270225.62,0.34
2017-02-09,20.71,21.35,20.8,20.68,679248.75,0.11,0.53,20.704,20.899,20.854,256672.33,189554.78,265275.29,0.7
2017-02-08,20.64,20.71,20.69,20.5,180081.69,0.05,0.24,21.094,20.887,20.861,120942.38,143135.22,246819.14,0.19
2017-02-07,20.59,20.82,20.64,20.56,174076.59,-0.07,-0.34,21.092,20.878,20.869,113175.69,146815.86,254392.79,0.18
2017-02-06,20.68,20.74,20.71,20.6,141028.06,0.03,0.14,21.086,20.906,20.873,109289.86,161885.42,256539.8,0.15
2017-02-03,20.69,20.79,20.68,20.64,108926.58,0.0,0.0,21.082,20.915,20.865,112947.93,179886.66,262545.89,0.11
2017-02-02,21.1,22.75,22.75,21.1,599.0,2.07,10.01,21.094,20.947,20.873,122437.23,224318.01,273201.86,0.0
2017-01-26,20.65,20.77,20.68,20.65,141248.23,0.07,0.34,20.68,20.853,20.796,165328.05,330684.75,289247.78,0.15
2017-01-25,20.68,20.73,20.61,20.52,154647.45,-0.08,-0.39,20.664,20.825,20.833,180456.02,333425.15,319350.64,0.16
2017-01-24,20.77,20.8,20.69,20.65,159318.41,-0.05,-0.24,20.726,20.822,20.835,214480.98,333877.55,330524.51,0.16
2017-01-23,20.7,20.85,20.74,20.7,156373.06,0.06,0.29,20.748,20.819,20.815,246825.38,333041.15,338776.54,0.16
2017-01-20,20.6,20.83,20.68,20.54,215053.12,0.08,0.39,20.8,20.809,20.809,326198.79,340995.8,355943.75,0.22
2017-01-19,20.7,20.88,20.6,20.55,216888.06,-0.32,-1.53,21.026,20.834,20.799,496041.44,350503.05,371756.3,0.22
2017-01-18,20.67,21.18,20.92,20.53,324772.25,0.12,0.58,20.986,20.859,20.785,486394.27,361969.73,396865.17,0.33
2017-01-17,20.73,20.96,20.8,20.39,321040.41,-0.2,-0.95,20.918,20.84,20.794,453274.12,351194.17,415650.8,0.33
2017-01-16,21.81,21.81,21.0,20.31,553240.12,-0.81,-3.71,20.89,20.815,20.877,419256.93,345205.13,414297.59,0.57
2017-01-13,21.0,22.4,21.81,20.9,1064266.38,1.41,6.91,20.818,20.799,20.944,355792.81,322085.72,404417.02,1.1
2017-01-11,20.52,20.63,20.4,20.4,168652.2,-0.18,-0.88,20.642,20.738,20.968,204964.66,247810.81,371844.43,0.17
2017-01-10,20.67,20.69,20.58,20.52,159171.48,-0.08,-0.39,20.732,20.84,21.101,237545.18,305276.13,387636.87,0.16
2017-01-09,20.6,20.75,20.66,20.53,150954.45,0.02,0.1,20.762,20.847,21.235,249114.22,327171.47,419129.27,0.16
2017-01-06,20.94,21.04,20.64,20.61,235919.55,-0.29,-1.39,20.74,20.811,21.442,271153.33,344511.93,435665.56,0.24
2017-01-05,20.85,21.23,20.93,20.78,310125.62,0.08,0.38,20.78,20.808,21.647,288378.62,370891.7,442897.13,0.32
2017-01-04,20.74,20.95,20.85,20.45,331554.81,0.12,0.58,20.834,20.763,21.858,290656.96,393009.55,452122.04,0.34
2017-01-03,20.55,20.88,20.73,20.55,217016.69,0.18,0.88,20.948,20.711,22.084,373007.09,431760.61,453367.07,0.22
2016-12-30,20.88,20.96,20.55,20.45,261150.0,-0.29,-1.39,20.932,20.748,22.323,405228.71,480107.43,476969.41,0.27
2016-12-29,21.29,21.32,20.84,20.7,322046.0,-0.36,-1.7,20.882,20.939,22.618,417870.53,483390.05,489698.39,0.33
2016-12-28,21.24,21.48,21.2,21.01,321517.31,-0.22,-1.03,20.836,21.088,22.924,453404.78,486748.32,521104.62,0.33
2016-12-27,20.65,21.98,21.42,20.59,743305.44,0.77,3.73,20.692,21.197,23.213,495362.13,495878.05,564687.95,0.77
2016-12-26,20.21,20.69,20.65,20.12,378124.81,0.35,1.72,20.474,21.361,23.45,490514.13,469997.6,566552.71,0.39
2016-12-23,20.47,20.67,20.3,20.25,324359.09,-0.31,-1.5,20.564,21.622,23.737,554986.16,511087.06,610443.42,0.33
2016-12-22,20.3,20.77,20.61,20.1,499717.25,0.13,0.64,20.996,22.073,24.082,548909.58,526819.2,626522.8,0.51
2016-12-21,20.2,20.7,20.48,20.2,531304.06,0.15,0.74,21.34,22.486,24.398,520091.86,514902.56,622149.26,0.55
2016-12-20,21.0,21.0,20.33,20.15,719065.44,-0.77,-3.65,21.702,22.952,24.735,496393.96,511234.54,632629.39,0.74
2016-12-19,22.0,22.0,21.1,21.04,700484.94,-1.36,-6.05,22.248,23.457,25.083,449481.07,474973.54,623195.62,0.72
2016-12-16,22.12,22.75,22.46,22.12,293976.19,0.13,0.58,22.68,23.897,25.398,467187.97,473831.38,657704.12,0.3
2016-12-15,22.15,22.62,22.33,21.88,355628.69,0.04,0.18,23.15,24.296,25.661,504728.82,496006.73,718163.55,0.37
2016-12-14,22.67,22.9,22.29,22.2,412814.56,-0.77,-3.34,23.632,24.76,25.895,509713.25,555460.92,730138.81,0.43
2016-12-13,23.02,23.28,23.06,21.86,484500.97,-0.2,-0.86,24.202,25.229,26.114,526075.11,633497.85,750853.96,0.5
2016-12-12,24.78,24.78,23.26,23.07,789019.44,-1.55,-6.25,24.666,25.539,26.308,500466.0,663107.81,800923.19,0.81
2016-12-09,24.61,25.17,24.81,24.37,481680.44,0.07,0.28,25.114,25.851,26.43,480474.79,709799.78,805411.24,0.5
2016-12-08,25.1,25.13,24.74,24.7,380550.84,-0.4,-1.59,25.442,26.09,26.489,487284.65,726226.4,829250.35,0.39
2016-12-07,25.35,25.37,25.14,24.18,494623.88,-0.24,-0.95,25.888,26.309,26.58,601208.59,729395.95,931737.82,0.51
2016-12-06,25.15,25.63,25.38,25.15,356455.41,-0.12,-0.47,26.256,26.517,26.638,740920.59,754024.25,1107864.69,0.37
2016-12-05,25.08,25.98,25.5,24.86,689063.38,-0.95,-3.59,26.412,26.709,26.58,825749.62,771417.69,1104545.23,0.71
2016-12-02,26.71,26.85,26.45,26.37,515729.72,-0.52,-1.93,26.588,26.899,26.513,939124.77,841576.86,1091086.74,0.53
2016-12-01,26.56,27.3,26.97,26.3,950170.56,-0.01,-0.04,26.738,27.026,26.42,965168.15,940320.36,1094405.21,0.98
2016-11-30,27.35,27.99,26.98,26.77,1193183.88,0.82,3.13,26.73,27.029,26.315,857583.32,904816.71,1072858.18,1.23
2016-11-29,26.17,26.53,26.16,25.9,780600.56,-0.22,-0.83,26.778,26.999,26.211,767127.9,868210.06,1064067.04,0.8
2016-11-28,27.36,27.42,26.38,25.48,1255939.12,-0.82,-3.02,27.006,27.077,26.141,717085.77,938738.58,1056607.66,1.29
2016-11-25,26.79,27.6,27.2,26.71,645946.62,0.27,1.0,27.21,27.009,26.06,744028.94,901022.69,1015634.7,0.67
2016-11-24,27.08,27.19,26.93,26.7,412246.41,-0.29,-1.06,27.314,26.888,25.959,915472.57,932274.31,1012528.65,0.42
2016-11-23,27.9,28.07,27.22,26.98,740906.81,-0.08,-0.29,27.328,26.851,25.863,952050.1,1134079.69,1027490.93,0.76
2016-11-22,27.04,27.42,27.3,26.9,530389.88,-0.1,-0.36,27.22,26.759,25.764,969292.21,1461705.14,1017105.41,0.55
2016-11-21,27.27,28.25,27.4,26.01,1390655.0,-0.32,-1.15,27.148,26.451,25.661,1160391.39,1437672.76,1031521.2,1.43
2016-11-18,27.8,29.0,27.72,27.51,1503164.75,0.72,2.67,26.808,26.127,25.588,1058016.44,1340596.62,1006609.42,1.55
2016-11-17,26.62,27.0,27.0,26.31,595134.06,0.32,1.2,26.462,25.814,25.494,949076.05,1248490.06,961681.46,0.61
2016-11-16,26.64,27.22,26.68,26.09,827117.38,-0.26,-0.96,26.374,25.601,25.444,1316109.29,1240899.65,964013.43,0.85
2016-11-15,25.6,27.8,26.94,25.46,1485885.75,1.24,4.83,26.298,25.423,25.41,1954118.06,1259924.02,969115.13,1.53
2016-11-14,26.23,26.25,25.7,25.31,878780.25,-0.29,-1.12,25.754,25.204,25.405,1714954.13,1174476.75,940578.0,0.91
2016-11-11,26.15,26.77,25.99,25.7,958462.81,-0.57,-2.15,25.446,25.111,25.46,1623176.79,1130246.72,947417.71,0.99
2016-11-10,26.0,28.28,26.56,25.58,2430300.25,0.26,0.99,25.166,25.029,25.491,1547904.07,1092782.99,943382.27,2.5
2016-11-09,24.43,26.64,26.3,24.35,4017161.25,2.08,8.59,24.828,24.874,25.474,1165690.01,920902.17,897231.56,4.14
2016-11-08,24.16,24.49,24.22,24.15,290066.09,0.06,0.25,24.548,24.768,25.458,565729.99,572505.68,768149.09,0.3
2016-11-07,24.47,24.58,24.16,24.03,419893.56,-0.43,-1.75,24.654,24.871,25.555,633999.37,625369.65,821566.32,0.43
2016-11-04,24.84,25.0,24.59,24.46,582099.19,-0.28,-1.13,24.776,25.049,25.647,637316.64,672622.23,864720.93,0.6
2016-11-03,24.77,25.19,24.87,24.71,519229.97,-0.03,-0.12,24.892,25.173,25.707,637661.91,674872.85,913820.5,0.53
2016-11-02,25.45,25.67,24.9,24.9,1017361.12,-0.89,-3.45,24.92,25.286,25.721,676114.32,687127.21,965529.9,1.05
2016-10-28,24.58,25.25,24.75,24.5,631413.0,-0.02,-0.08,24.988,25.396,25.71,579281.38,678306.23,980870.51,0.65
2016-10-27,25.07,25.07,24.77,24.7,436479.94,-0.4,-1.59,25.088,25.605,25.746,616739.93,706679.26,1048219.05,0.45
2016-10-26,25.0,25.25,25.17,24.88,583825.5,0.16,0.64,25.322,25.809,25.858,707927.81,764588.69,1204767.89,0.6
2016-10-25,25.2,25.34,25.01,24.8,711492.06,-0.23,-0.91,25.454,25.952,25.83,712083.8,793981.54,1286951.72,0.73
2016-10-24,25.25,25.45,25.24,25.01,533196.38,-0.01,-0.04,25.652,26.074,25.761,698140.1,873560.95,1282659.94,0.55
2016-10-21,25.7,25.88,25.25,25.16,818705.75,-0.69,-2.66,25.804,26.147,25.68,777331.09,963792.5,1285342.02,0.84
2016-10-20,25.72,26.69,25.94,25.51,892419.38,0.11,0.43,26.122,26.239,25.597,796618.59,1017762.99,1283685.47,0.92
2016-10-19,26.0,26.48,25.83,25.79,604605.44,-0.17,-0.65,26.296,26.244,25.479,821249.57,1056819.64,1283435.4,0.62
2016-10-18,25.9,26.13,26.0,25.51,641773.56,0.0,0.0,26.45,26.241,25.362,875879.29,1152768.16,1322192.41,0.66
2016-10-17,26.5,26.75,26.0,25.73,929151.31,-0.84,-3.13,26.496,26.155,25.221,1048981.8,1243932.59,1334318.57,0.96
2016-10-14,26.92,27.25,26.84,26.62,915143.25,0.03,0.11,26.49,26.023,25.102,1150253.91,1283434.79,1359095.2,0.94
2016-10-13,26.51,27.2,26.81,26.3,1015574.31,0.21,0.79,26.356,25.887,24.923,1238907.39,1389758.84,1353065.0,1.05
2016-10-12,26.0,26.67,26.6,25.63,877754.0,0.37,1.41,26.192,25.906,24.749,1292389.7,1644947.09,1351392.71,0.9
2016-10-11,25.75,27.41,26.23,25.56,1507286.12,0.26,1.0,26.032,25.708,24.591,1429657.02,1779921.89,1358948.99,1.55
2016-10-10,25.0,25.98,25.97,24.66,1435511.88,-0.2,-0.76,25.814,25.447,24.468,1438883.38,1691758.94,1379838.64,1.48
2016-09-30,25.9,27.45,26.17,25.81,1358410.62,0.18,0.69,25.556,25.213,24.341,1416615.68,1606891.54,1436343.22,1.4
2016-09-29,25.68,26.3,25.99,25.38,1282985.88,0.19,0.74,25.418,24.954,24.279,1540610.3,1549607.95,1487578.98,1.32
2016-09-28,24.88,26.38,25.8,24.33,1564090.62,0.66,2.62,25.62,24.713,24.113,1997504.48,1510051.17,1468892.81,1.61
2016-09-27,24.61,25.69,25.14,24.51,1553417.88,0.46,1.86,25.384,24.483,23.968,2130186.75,1491616.67,1429810.59,1.6
2016-09-26,25.19,25.35,24.68,24.4,1324173.38,-0.8,-3.14,25.08,24.286,23.856,1944634.5,1424704.56,1412140.9,1.36
2016-09-23,26.32,26.55,25.48,25.24,1978383.75,-1.52,-5.63,24.87,24.18,23.799,1797167.4,1434755.61,1437000.97,2.04
2016-09-22,24.8,27.08,27.0,24.41,3567456.75,2.38,9.67,24.49,23.959,23.724,1558605.6,1316371.16,1411615.57,3.67
2016-09-21,23.55,24.62,24.62,23.41,2227502.0,1.0,4.23,23.806,23.591,23.609,1022597.86,1057838.34,1317980.89,2.29
2016-09-20,23.63,23.69,23.62,23.23,625656.62,-0.01,-0.04,23.582,23.473,23.613,853046.59,937976.09,1296218.44,0.64
2016-09-19,23.58,24.0,23.63,23.51,586837.88,0.05,0.21,23.492,23.488,23.662,904774.61,1067918.34,1368431.19,0.6
2016-09-14,23.35,23.8,23.58,23.33,785574.75,0.0,0.0,23.49,23.469,23.759,1072343.81,1265794.91,1545776.89,0.81
2016-09-13,23.38,23.68,23.58,23.2,887418.06,0.08,0.34,23.428,23.604,23.873,1074136.72,1425550.01,1659239.18,0.91
2016-09-12,22.6,23.97,23.5,22.5,1379745.62,0.33,1.42,23.376,23.512,24.072,1093078.81,1427734.45,1781607.3,1.42
2016-09-09,23.5,23.59,23.17,23.01,884296.75,-0.45,-1.91,23.364,23.453,24.15,1022905.6,1368004.51,1874175.33,0.91
2016-09-08,23.23,24.45,23.62,23.13,1424683.88,0.35,1.5,23.484,23.425,24.131,1231062.07,1399577.24,2017395.92,1.47
2016-09-07,23.54,23.54,23.27,23.1,794539.31,-0.05,-0.21,23.448,23.417,23.985,1459246.0,1439246.34,2025181.13,0.82
2016-09-06,23.4,23.66,23.32,23.0,982128.5,-0.12,-0.51,23.78,23.489,23.882,1776963.29,1506859.97,2088615.86,1.01
2016-09-05,23.6,23.68,23.44,23.1,1028879.56,-0.33,-1.39,23.648,23.627,23.814,1762390.09,1578123.45,2146854.08,1.06
2016-09-02,23.14,24.6,23.77,23.01,1925079.12,0.33,1.41,23.542,23.753,23.736,1713103.41,1654460.78,2279079.55,1.98
2016-09-01,25.0,25.01,23.44,23.19,2565603.5,-1.49,-5.98,23.366,23.835,23.595,1568092.41,1668944.03,2372861.73,2.64
2016-08-31,22.68,24.93,24.93,22.6,2383125.75,2.27,10.02,23.386,24.049,23.406,1419246.69,1825758.88,2430254.85,2.45
2016-08-30,22.95,23.06,22.66,22.55,909262.5,-0.25,-1.09,23.198,24.141,23.054,1236756.66,1892928.36,2386876.11,0.94
2016-08-29,22.86,23.25,22.91,22.75,782446.19,0.02,0.09,23.606,24.632,22.801,1393856.81,2135480.16,2421623.46,0.81
2016-08-26,23.59,23.59,22.89,22.88,1200024.12,-0.65,-2.76,23.964,24.847,22.514,1595818.15,2380346.16,2446154.26,1.24
2016-08-25,23.5,23.94,23.54,22.71,1821374.88,-0.45,-1.88,24.304,24.836,22.227,1769795.65,2635214.6,2485496.12,1.88
2016-08-24,24.4,24.84,23.99,23.75,1470675.62,-0.71,-2.87,24.712,24.553,21.946,2232271.07,2611115.91,2469800.51,1.51
2016-08-23,24.39,25.28,24.7,23.83,1694763.25,0.0,0.0,25.084,24.274,21.617,2549100.05,2670371.74,2470091.04,1.75
2016-08-22,24.79,25.56,24.7,24.44,1792252.88,0.11,0.45,25.658,24.001,21.271,2877103.5,2715584.71,2460012.7,1.85
2016-08-19,25.15,25.32,24.59,24.51,2069911.62,-0.99,-3.87,25.73,23.718,20.921,3164874.17,2903698.33,2488117.02,2.13
2016-08-18,25.3,27.68,25.58,24.51,4133752.0,-0.27,-1.04,25.368,23.354,20.561,3500633.55,3076779.44,2501606.9,4.26
2016-08-17,26.61,27.44,25.85,25.36,3054820.5,-1.72,-6.24,24.394,22.763,20.133,2989960.75,3034750.81,2367154.63,3.15
2016-08-16,26.51,27.57,27.57,26.11,3334780.5,2.51,10.02,23.464,21.966,19.695,2791643.43,2880823.86,2329659.73,3.44
2016-08-15,23.45,25.06,25.06,23.41,3231106.25,2.28,10.01,22.344,20.97,19.172,2554065.93,2707766.76,2244308.31,3.33
2016-08-12,20.8,22.78,22.78,20.52,3748708.5,2.07,9.99,21.706,20.181,18.79,2642522.48,2511962.35,2160753.21,3.86
2016-08-11,21.15,21.37,20.71,20.64,1580388.0,-0.49,-2.31,21.34,19.617,18.546,2652925.33,2335777.64,2027445.34,1.63
2016-08-10,21.7,21.88,21.2,21.0,2063233.88,-0.77,-3.5,21.132,19.338,18.408,3079540.88,2328485.1,2032204.4,2.13
2016-08-09,22.11,22.29,21.97,21.15,2146893.0,0.1,0.46,20.468,18.96,18.264,2970004.3,2269810.34,2056205.79,2.21
2016-08-08,20.74,22.95,21.87,20.55,3673389.0,0.92,4.39,19.596,18.541,18.072,2861467.6,2204440.69,2102102.21,3.78
2016-08-05,20.33,21.63,20.95,19.96,3800722.75,1.28,6.51,18.656,18.124,17.892,2381402.22,2072535.71,2039040.32,3.91
2016-08-04,17.76,19.67,19.67,17.6,3713465.75,1.79,10.01,17.894,17.768,17.782,2018629.95,1926434.36,2005226.03,3.83
2016-08-03,17.55,17.97,17.88,17.49,1515551.0,0.27,1.53,17.544,17.503,17.739,1577429.32,1699558.44,2034564.02,1.56
2016-08-02,17.11,17.7,17.61,17.07,1604209.5,0.44,2.56,17.452,17.423,17.835,1569616.37,1778495.59,2472972.82,1.65
2016-08-01,17.01,17.29,17.17,16.9,1273062.12,0.03,0.17,17.486,17.373,17.944,1547413.77,1780849.85,2492291.14,1.31
2016-07-29,17.05,17.35,17.14,16.81,1986861.38,-0.06,-0.35,17.592,17.399,18.185,1763669.2,1809544.08,2430771.19,2.05
2016-07-28,17.39,17.93,17.92,17.21,1507462.62,0.5,2.87,17.642,17.474,18.55,1834238.77,1719113.04,2443377.32,1.55
2016-07-27,17.78,17.83,17.42,16.91,1476486.25,-0.36,-2.02,17.462,17.478,18.764,1821687.55,1735923.7,2497173.83,1.52
2016-07-26,17.6,17.83,17.78,17.52,1493196.5,0.08,0.45,17.394,17.568,18.903,1987374.8,1842601.25,2482617.71,1.54
2016-07-25,17.26,17.79,17.7,16.92,2354339.25,0.31,1.78,17.26,17.602,19.068,2014285.92,1999763.73,2491651.71,2.43
2016-07-22,17.17,17.59,17.39,17.13,2339709.25,0.37,2.17,17.206,17.659,19.187,1855418.95,2005544.93,2443544.44,2.41
2016-07-21,16.91,17.19,17.02,16.86,1444706.5,-0.06,-0.35,17.306,17.795,19.312,1603987.3,2084017.7,2428309.4,1.49
2016-07-20,16.89,17.42,17.08,16.74,2304922.5,-0.03,-0.17,17.494,17.975,19.438,1650159.85,2369569.6,2509442.81,2.37
2016-07-19,17.39,17.39,17.11,17.04,1627752.12,-0.32,-1.84,17.742,18.247,19.562,1697827.7,3167450.05,2574122.68,1.68
2016-07-18,17.84,17.84,17.43,17.42,1560004.38,-0.46,-2.57,17.944,18.515,19.595,1985241.53,3203732.44,2569229.37,1.61
2016-07-15,17.9,18.05,17.89,17.86,1082551.0,-0.07,-0.39,18.112,18.971,19.624,2155670.9,3051998.3,2604015.13,1.12
2016-07-14,18.14,18.18,17.96,17.92,1675569.25,-0.36,-1.97,18.284,19.625,19.679,2564048.1,3167641.6,2738288.05,1.73
2016-07-13,18.0,18.49,18.32,17.85,2543261.75,0.2,1.1,18.456,20.05,19.738,3088979.35,3258423.95,2893071.41,2.62
2016-07-12,18.27,18.43,18.12,17.56,3064821.25,-0.15,-0.82,18.752,20.237,19.734,4637072.4,3122634.18,3085402.63,3.16
2016-07-11,18.5,18.69,18.27,18.23,2412151.25,-0.48,-2.56,19.086,20.533,19.657,4422223.35,2983539.69,3119669.75,2.48
2016-07-08,18.6,18.98,18.75,18.21,3124437.0,-0.07,-0.37,19.83,20.714,19.497,3948325.7,2881543.96,3100062.69,3.22
2016-07-07,19.1,19.22,18.82,18.71,4300225.5,-0.98,-4.95,20.966,20.829,19.273,3771235.1,2772601.1,2988248.62,4.43
2016-07-06,19.1,20.78,19.8,19.1,10283727.0,0.01,0.05,21.644,20.901,19.057,3427868.55,2649316.03,2792424.75,10.59
2016-07-05,19.79,19.79,19.79,19.79,1990576.0,-2.2,-10.01,21.722,20.876,18.795,1608195.95,1980795.3,2307329.33,2.05
2016-07-04,21.99,21.99,21.99,21.99,42663.0,-2.44,-9.99,21.98,20.674,18.53,1544856.03,1934726.3,2245084.86,0.04
2015-12-18,22.4,24.43,24.43,21.66,2238984.0,2.22,9.99,21.598,20.277,18.149,1814762.23,2156031.95,2274416.12,2.3
2015-12-17,20.38,22.21,22.21,20.35,2583392.75,2.02,10.01,20.692,19.732,17.652,1773967.1,2308934.5,2199091.06,2.66
2015-12-16,20.63,20.99,20.19,20.01,1185364.0,-0.89,-4.22,20.158,19.426,17.267,1870763.5,2527718.88,2114223.65,1.22
2015-12-15,19.6,21.46,21.08,19.6,1673876.38,1.0,4.98,20.03,19.231,16.991,2353394.65,3048171.08,2142627.64,1.72
2015-12-14,19.6,20.48,20.08,19.01,1392194.0,0.18,0.91,19.368,18.781,16.637,2324596.58,3255799.81,2091498.79,1.43
2015-12-11,19.14,20.34,19.9,18.78,2035008.38,0.36,1.84,18.956,18.28,16.333,2497301.68,3318581.41,2037924.45,2.09
2015-12-10,19.59,21.36,19.54,19.02,3067374.75,-0.01,-0.05,18.772,17.716,16.033,2843901.9,3203896.13,1955355.43,3.16
2015-12-09,17.95,19.55,19.55,17.81,3598519.75,1.78,10.02,18.694,17.212,15.76,3184674.25,2935533.48,1828729.23,3.7
2015-12-08,17.9,18.07,17.77,17.4,1529886.0,-0.25,-1.39,18.432,16.713,15.491,3742947.5,2633863.36,1677733.87,1.57
2015-12-07,18.82,18.98,18.02,17.67,2255719.5,-0.96,-5.06,18.194,16.386,15.316,4187003.05,2555443.42,1627469.59,2.32
2015-12-04,18.9,19.84,18.98,18.6,3768009.5,-0.17,-0.89,17.604,16.021,15.135,4139861.15,2392800.28,1556208.87,3.88
2015-12-03,18.45,19.33,19.15,18.08,4771236.5,0.91,4.99,16.66,15.572,14.897,3563890.36,2089247.63,1392896.62,4.91
2015-12-02,16.68,18.24,18.24,16.54,6389886.0,1.66,10.01,15.73,15.107,14.645,2686392.71,1700728.42,1200493.82,6.57
2015-12-01,14.99,16.58,16.58,14.93,3750163.75,1.51,10.02,14.994,14.75,14.437,1524779.23,1237084.2,919432.24,3.86
2015-11-30,14.29,15.25,15.07,14.28,2020010.0,0.81,5.68,14.578,14.492,14.291,923883.79,927197.77,746804.27,2.08
2015-11-27,14.43,14.65,14.26,14.24,888155.56,-0.24,-1.66,14.438,14.385,14.216,645739.42,757267.48,662253.23,0.91
2015-11-26,14.55,14.62,14.5,14.47,383748.22,-0.06,-0.41,14.484,14.349,14.186,614604.89,706814.73,632761.35,0.39
2015-11-25,14.42,14.72,14.56,14.39,581818.62,0.06,0.41,14.484,14.308,14.142,715064.14,721924.98,627519.83,0.6
2015-11-24,14.37,14.55,14.5,14.14,745686.56,0.13,0.91,14.506,14.269,14.097,949389.16,721604.37,615637.14,0.77
2015-11-23,14.5,14.64,14.37,14.32,629288.12,-0.12,-0.83,14.406,14.246,14.057,930511.75,699495.76,595584.46,0.65
2015-11-20,14.45,14.72,14.49,14.37,732482.94,-0.01,-0.07,14.332,14.249,14.022,868795.54,719617.45,603138.08,0.75
2015-11-19,14.6,14.6,14.5,14.18,886044.44,-0.17,-1.16,14.214,14.221,13.984,799024.57,696545.61,600296.22,0.91
2015-11-18,14.07,15.27,14.67,14.01,1753443.75,0.67,4.79,14.132,14.183,13.927,728785.82,700259.22,578610.7,1.8
2015-11-17,14.03,14.3,14.0,13.9,651299.5,0.0,0.0,14.032,14.124,13.855,493819.59,601780.29,518838.77,0.67
2015-11-16,13.81,14.0,14.0,13.71,320707.09,0.1,0.72,14.086,14.09,13.832,468479.77,566410.76,506636.11,0.33
2015-11-13,14.0,14.05,13.9,13.83,383628.09,-0.19,-1.35,14.166,14.046,13.809,570439.36,567238.98,519325.16,0.39
2015-11-12,14.24,14.25,14.09,14.01,534850.69,-0.08,-0.56,14.228,14.023,13.796,594066.65,558707.97,525466.4,0.55
2015-11-11,14.21,14.32,14.17,14.1,578612.56,-0.1,-0.7,14.234,13.976,13.768,671732.61,533114.67,520626.56,0.6
2015-11-10,14.33,14.37,14.27,14.2,524600.44,-0.13,-0.9,14.216,13.925,13.723,709740.99,509669.91,518941.17,0.54
2015-11-09,14.21,14.66,14.4,14.18,830505.0,0.19,1.34,14.094,13.867,13.683,664341.74,491673.17,521155.82,0.85
2015-11-06,14.11,14.31,14.21,14.06,501764.56,0.09,0.64,13.926,13.794,13.637,564038.61,486658.71,518839.14,0.52
2015-11-05,14.05,14.58,14.12,13.95,923180.5,0.04,0.28,13.818,13.747,13.588,523349.28,504046.82,525476.16,0.95
2015-11-04,13.65,14.1,14.08,13.61,768654.44,0.42,3.08,13.718,13.67,13.536,394496.73,456962.19,520360.26,0.79
2015-11-03,13.56,13.7,13.66,13.54,297604.22,0.1,0.74,13.634,13.585,13.482,309598.83,435897.25,482987.12,0.31
2015-11-02,13.61,13.67,13.56,13.54,328989.34,-0.11,-0.81,13.64,13.574,13.436,319004.59,446861.47,492582.84,0.34
2015-10-30,13.7,13.75,13.67,13.6,298317.91,0.05,0.37,13.662,13.571,13.388,409278.81,471411.33,506027.3,0.31
2015-10-29,13.66,13.73,13.62,13.54,278917.75,-0.04,-0.29,13.676,13.569,13.347,484744.36,492224.83,511744.25,0.29
2015-10-28,13.68,13.83,13.66,13.66,344164.91,-0.03,-0.22,13.622,13.559,13.311,519427.65,508138.45,519912.37,0.35
2015-10-27,13.55,13.72,13.69,13.32,344633.03,0.02,0.15,13.536,13.521,13.282,562195.68,528212.42,524883.97,0.35
2015-10-26,13.88,13.97,13.67,13.58,780360.44,-0.07,-0.51,13.508,13.499,13.255,574718.35,550638.46,523682.19,0.8
2015-10-23,13.36,13.8,13.74,13.31,675645.69,0.39,2.92,13.48,13.48,13.235,533543.85,551019.57,507226.19,0.7
2015-10-22,13.23,13.4,13.35,13.17,452334.19,0.12,0.91,13.462,13.429,13.207,499705.3,546905.5,497029.94,0.47
2015-10-21,13.55,13.61,13.23,13.2,558005.06,-0.32,-2.36,13.496,13.401,13.195,496849.24,583758.32,491641.81,0.57
2015-10-20,13.43,13.65,13.55,13.42,407246.38,0.02,0.15,13.506,13.379,13.189,494229.17,530076.99,494368.03,0.42
2015-10-19,13.7,13.7,13.53,13.4,574487.94,-0.12,-0.88,13.49,13.297,13.183,526558.58,538304.22,509398.49,0.59
2015-10-16,13.53,13.75,13.65,13.52,506452.91,0.13,0.96,13.48,13.204,13.157,568495.29,540643.27,504511.03,0.52
2015-10-15,13.3,13.56,13.52,13.28,438053.91,0.24,1.81,13.396,13.124,13.134,594105.71,531263.67,507594.24,0.45
2015-10-14,13.32,13.47,13.28,13.25,544904.69,-0.19,-1.41,13.306,13.062,13.132,670667.4,531686.29,501364.18,0.56
2015-10-13,13.41,13.56,13.47,13.35,568893.44,-0.01,-0.07,13.252,13.043,13.145,565924.82,521555.52,495007.35,0.59
2015-10-12,13.23,13.64,13.48,13.21,784171.5,0.25,1.89,13.104,13.011,13.159,550049.85,496725.91,508291.53,0.81
2015-10-09,13.13,13.28,13.23,13.07,634505.0,0.16,1.22,12.928,12.989,13.169,512791.25,463432.81,501673.51,0.65
2015-10-08,13.25,13.32,13.07,13.03,820862.38,0.34,2.67,12.852,12.984,13.188,468421.63,447154.38,539977.31,0.84
2015-10-07,12.78,14.0,13.01,12.74,21191.76,0.28,2.2,12.818,12.989,13.245,392705.18,399525.29,613669.01,0.02
2015-09-30,12.67,12.81,12.73,12.57,489518.62,0.13,1.03,12.834,12.998,13.306,477186.23,458659.08,710145.93,0.5
2015-09-29,12.75,12.79,12.6,12.52,597878.5,-0.25,-1.95,12.918,13.068,13.36,443401.97,480492.77,757380.69,0.62
2015-09-28,12.88,12.99,12.85,12.78,412656.88,-0.05,-0.39,13.05,13.11,13.409,414074.36,468378.79,796196.1,0.42
2015-09-25,13.02,13.09,12.9,12.85,442280.16,-0.19,-1.45,13.116,13.144,13.425,425887.14,483924.8,852241.42,0.46
2015-09-24,13.2,13.21,13.09,13.05,443597.0,-0.06,-0.46,13.16,13.201,13.443,406345.4,471042.06,947469.74,0.46
2015-09-23,13.15,13.26,13.15,13.1,320597.31,-0.11,-0.83,13.162,13.246,13.438,440131.92,468459.18,1062821.29,0.33
2015-09-22,13.23,13.35,13.26,13.18,451240.47,0.08,0.61,13.218,13.307,13.44,517583.56,519857.14,1217779.28,0.46
2015-09-21,13.06,13.2,13.18,13.06,471720.75,0.06,0.46,13.17,13.349,13.473,522683.22,539914.21,1264181.35,0.49
2015-09-18,13.12,13.19,13.12,13.04,344571.47,0.02,0.15,13.172,13.391,13.528,541962.47,632800.25,1282720.0,0.35
2015-09-17,13.35,13.39,13.1,13.1,612529.62,-0.33,-2.46,13.242,13.501,13.597,535738.72,827812.72,1315458.51,0.63
2015-09-16,13.09,13.65,13.43,12.91,707855.5,0.41,3.15,13.33,13.614,13.653,496786.44,961632.79,1358754.35,0.73
2015-09-15,13.19,13.29,13.02,12.9,476738.75,-0.17,-1.29,13.396,13.651,13.719,522130.73,1034268.61,1387024.71,0.49
2015-09-14,13.47,13.54,13.19,13.17,568117.0,-0.28,-2.08,13.528,13.707,13.816,557145.2,1124013.41,1437888.13,0.58
2015-09-11,13.59,13.67,13.47,13.4,313452.75,-0.07,-0.52,13.61,13.706,13.9,723638.02,1220558.04,1467642.7,0.32
2015-09-10,13.63,13.79,13.54,13.51,417768.19,-0.22,-1.6,13.76,13.684,13.973,1119886.72,1423897.41,1524232.68,0.43
2015-09-09,13.71,14.04,13.76,13.59,834576.94,0.08,0.58,13.898,13.63,14.075,1426479.14,1657183.39,1631714.36,0.86
2015-09-08,13.54,13.68,13.68,13.3,651811.12,0.08,0.59,13.906,13.573,14.14,1546406.5,1915701.42,1674300.89,0.67
2015-09-07,13.99,14.5,13.6,13.5,1400581.12,-0.62,-4.36,13.886,13.596,14.186,1690881.62,1988448.49,1685036.28,1.44
2015-09-02,13.77,14.33,14.22,13.47,2294696.25,-0.01,-0.07,13.802,13.664,14.223,1717478.05,1932639.76,1640484.07,2.36
2015-09-01,13.7,14.26,14.23,13.26,1950730.25,0.43,3.12,13.608,13.692,14.235,1727908.1,1803104.29,1563808.11,2.01
2015-08-31,13.41,13.8,13.8,13.2,1434213.75,0.22,1.62,13.362,13.691,14.263,1887887.65,1755875.91,1506703.2,1.48
2015-08-28,13.31,13.68,13.58,13.04,1374186.75,0.4,3.04,13.24,13.787,14.303,2284996.35,1739780.81,1511949.34,1.41
2015-08-27,13.64,13.68,13.18,12.6,1533563.25,-0.07,-0.53,13.306,13.924,14.333,2286015.35,1751762.84,1504631.98,1.58
2015-08-26,13.3,13.82,13.25,13.05,2346846.5,0.25,1.92,13.526,14.094,14.378,2147801.48,1714727.36,1490127.0,2.41
2015-08-25,12.8,13.42,13.0,12.54,2750628.0,-0.19,-1.44,13.776,14.262,14.446,1878300.48,1624567.95,1454837.93,2.83
2015-08-24,13.65,13.68,13.19,12.88,3419757.25,-0.72,-5.18,14.02,14.519,14.527,1623864.18,1606245.33,1459116.15,3.52
2015-08-21,14.19,14.38,13.91,13.85,1379281.75,-0.37,-2.59,14.334,14.707,14.577,1194565.28,1432900.35,1444489.34,1.42
2015-08-20,14.35,14.45,14.28,14.22,842493.88,-0.22,-1.52,14.542,14.776,14.652,1217510.33,1381624.07,1608236.6,0.87
2015-08-19,14.09,14.54,14.5,14.03,999341.5,0.28,1.97,14.662,14.782,14.696,1281653.25,1348328.37,1734786.28,1.03
2015-08-18,14.74,14.89,14.22,14.1,1478446.5,-0.54,-3.66,14.748,14.777,14.706,1370835.43,1324511.92,1801936.41,1.52
2015-08-17,14.78,14.82,14.76,14.57,1273262.75,-0.19,-1.27,15.018,14.834,14.721,1588626.48,1257530.48,1825904.98,1.31
2015-08-14,14.86,15.29,14.95,14.81,1494007.0,0.07,0.47,15.08,14.819,14.75,1671235.43,1284117.87,1910316.96,1.54
2015-08-13,14.9,15.06,14.88,14.55,1163208.5,-0.05,-0.34,15.01,14.742,14.756,1545737.81,1257501.12,1963250.28,1.2
2015-08-12,15.2,15.36,14.93,14.83,1445252.38,-0.64,-4.11,14.902,14.662,14.747,1415003.5,1265526.64,1993952.15,1.49
2015-08-11,14.95,15.93,15.57,14.84,2567401.75,0.5,3.32,14.806,14.629,14.736,1278188.42,1285107.9,2055867.27,2.64
2015-08-10,14.69,15.18,15.07,14.53,1686307.5,0.47,3.22,14.65,14.534,14.685,926434.48,1311986.98,2066478.36,1.74
2015-08-07,14.47,14.71,14.6,14.38,866518.94,0.26,1.81,14.558,14.447,14.687,897000.31,1456078.33,2216560.73,0.89
2015-08-06,14.26,14.63,14.34,14.14,509536.91,-0.11,-0.76,14.474,14.528,14.705,969264.42,1834849.13,2628619.89,0.52
2015-08-05,14.73,14.75,14.45,14.4,761177.0,-0.34,-2.3,14.422,14.61,14.716,1116049.79,2121244.19,2906665.62,0.78
2015-08-04,14.61,14.98,14.79,14.53,808632.06,0.18,1.23,14.452,14.635,14.656,1292027.39,2279360.89,3227149.87,0.83
2015-08-03,14.1,14.62,14.61,13.96,1539136.62,0.43,3.03,14.418,14.607,14.644,1697539.47,2394279.48,3419264.79,1.58
2015-07-31,13.95,14.24,14.18,13.89,1227839.5,0.1,0.71,14.336,14.681,14.657,2015156.35,2536516.06,3650581.66,1.26
2015-07-30,14.58,14.65,14.08,14.08,1243463.75,-0.52,-3.56,14.582,14.77,14.633,2700433.85,2668999.44,3746923.34,1.28
2015-07-29,14.6,14.75,14.6,14.35,1641065.0,-0.02,-0.14,14.798,14.832,14.64,3126438.6,2722377.66,3852208.19,1.69
2015-07-28,13.9,14.8,14.62,13.76,2836192.5,0.42,2.96,14.818,14.843,14.622,3266694.4,2826626.64,3914780.09,2.92
2015-07-27,15.41,15.96,14.2,13.95,3127221.0,-1.21,-7.85,14.796,14.836,14.617,3091019.48,2820969.74,3977583.58,3.22
2015-07-24,15.17,16.0,15.41,15.1,4654227.0,0.25,1.65,15.026,14.926,14.592,3057875.78,2977043.14,4031621.21,4.79
2015-07-23,14.54,15.23,15.16,14.46,3373487.5,0.46,3.13,14.958,14.882,14.493,2637565.03,3422390.64,3952441.93,3.47
2015-07-22,14.51,14.75,14.7,14.1,2342344.0,0.19,1.31,14.866,14.821,14.445,2318316.73,3692087.04,3911004.48,2.41
2015-07-21,14.77,14.77,14.51,14.5,1957817.88,-0.34,-2.29,14.868,14.677,14.429,2386558.88,4174938.84,3901981.51,2.01
2015-07-20,14.97,15.38,15.35,14.8,2961502.5,0.28,1.86,14.876,14.68,14.417,2550920.0,4444250.1,3942914.36,3.05
2015-07-17,14.77,15.21,15.07,14.62,2552673.25,0.37,2.52,14.826,14.633,14.327,2896210.5,4764647.25,3904123.43,2.63
2015-07-16,14.71,14.88,14.7,14.43,1777246.0,-0.01,-0.07,14.806,14.496,14.282,4207216.25,4824847.25,3907760.33,1.83
2015-07-15,14.44,15.11,14.71,14.26,2683554.75,0.16,1.1,14.776,14.447,14.276,5065857.35,4982038.72,3928204.21,2.76
2015-07-14,14.68,14.93,14.55,14.41,2779623.5,-0.55,-3.64,14.486,14.401,14.26,5963318.8,5002933.55,3927447.94,2.86
2015-07-13,14.6,15.49,15.1,14.26,4687955.0,0.13,0.87,14.484,14.398,14.28,6337580.2,5134197.43,3925557.29,4.82
2015-07-10,14.2,15.82,14.97,14.0,9107702.0,0.42,2.89,14.44,14.257,14.299,6633084.0,5086199.28,3814556.38,9.37
2015-07-09,13.26,14.59,14.55,12.81,6070451.5,1.29,9.73,14.186,14.103,14.316,5442478.25,4482493.22,3475049.79,6.25
2015-07-08,13.36,14.09,13.26,13.09,7170862.0,-1.28,-8.8,14.118,14.068,14.365,4898220.1,4129921.93,3313005.41,7.38
2015-07-07,14.5,15.05,14.54,14.16,4650930.5,-0.34,-2.29,14.316,14.18,14.485,4042548.3,3629024.18,3167331.64,4.79
2015-07-06,14.93,15.07,14.88,13.9,6165474.0,1.18,8.61,14.312,14.153,14.562,3930814.65,3441578.63,3227265.89,6.34
2015-07-03,13.93,14.25,13.7,13.2,3154673.25,-0.51,-3.59,14.074,14.02,14.596,3539314.55,3043599.6,3201067.49,3.25
2015-07-02,14.31,14.43,14.21,13.14,3349160.75,-0.04,-0.28,14.02,14.068,14.661,3522508.2,2990673.4,3230937.24,3.45
2015-07-01,14.25,14.72,14.25,14.15,2892503.0,-0.27,-1.86,14.018,14.105,14.703,3361623.75,2874369.7,3214165.11,2.98
2015-06-30,13.92,14.62,14.52,13.6,4092262.25,0.83,6.06,14.044,14.118,14.73,3215500.05,2851962.33,3203474.53,4.21
2015-06-29,13.85,14.3,13.69,12.88,4207973.5,0.26,1.94,13.994,14.161,14.748,2952342.6,2716917.15,3153881.4,4.33
2015-06-26,13.96,14.25,13.43,12.8,3070641.5,-0.77,-5.42,13.966,14.34,14.781,2547884.65,2542913.48,3085748.55,3.16
2015-06-25,14.4,14.76,14.2,14.16,2544738.5,-0.18,-1.25,14.116,14.529,14.827,2458838.6,2467606.35,3157376.6,2.62
2015-06-24,14.28,14.41,14.38,14.07,2161884.5,0.11,0.77,14.192,14.661,14.887,2387115.65,2496088.9,3236362.1,2.22
2015-06-23,13.6,14.3,14.27,13.51,2776475.0,0.72,5.31,14.192,14.789,14.957,2488424.6,2705639.1,3456342.18,2.86
2015-06-19,14.0,14.21,13.55,13.5,2185683.75,-0.63,-4.44,14.328,14.97,14.994,2481491.7,3012953.15,3540801.93,2.25
2015-06-18,14.64,14.82,14.18,14.15,2625411.25,-0.4,-2.74,14.714,15.172,15.041,2537942.3,3358535.38,3621580.0,2.7
2015-06-17,14.42,14.6,14.58,14.1,2186123.75,0.2,1.39,14.942,15.253,15.04,2476374.1,3471201.08,3617334.95,2.25
2015-06-16,14.92,14.93,14.38,14.26,2668429.25,-0.57,-3.81,15.13,15.3,15.013,2605062.15,3553960.53,3660825.81,2.75
2015-06-15,15.48,15.5,14.95,14.91,2741810.5,-0.53,-3.42,15.386,15.342,15.002,2922853.6,3554986.73,3656494.24,2.82
2015-06-12,15.35,15.66,15.48,15.3,2467936.75,0.16,1.04,15.612,15.335,14.947,3544414.6,3590845.65,3637667.26,2.54
2015-06-11,15.4,15.52,15.32,15.15,2317570.25,-0.2,-1.29,15.63,15.222,14.881,4179128.45,3628583.63,3683840.84,2.39
2015-06-10,15.43,15.75,15.52,15.35,2829564.0,-0.14,-0.89,15.564,15.125,14.844,4466028.05,3847146.85,3957275.0,2.91
2015-06-09,16.16,16.25,15.66,15.49,4257386.5,-0.42,-2.61,15.47,15.113,14.803,4502858.9,3976635.3,4106069.85,4.38
2015-06-08,15.6,16.22,16.08,15.47,5849615.5,0.51,3.28,15.298,15.124,14.716,4187119.85,4207045.25,4020566.93,6.02
2015-06-05,15.15,15.75,15.57,15.01,5641506.0,0.58,3.87,15.058,15.018,14.616,3637276.7,4068650.7,3910739.89,5.81
2015-06-04,15.07,15.35,14.99,14.13,3752068.25,-0.06,-0.4,14.814,14.91,14.527,3078038.8,3884624.63,3727593.34,3.86
2015-06-03,14.83,15.18,15.05,14.55,3013718.25,0.25,1.69,14.686,14.826,14.458,3228265.65,3763468.83,3627701.06,3.1
2015-06-02,15.0,15.01,14.8,14.55,2678691.25,-0.08,-0.54,14.756,14.726,14.384,3450411.7,3767691.1,3603101.1,2.76
2015-06-01,14.38,14.94,14.88,14.25,3100399.75,0.53,3.69,14.95,14.662,14.332,4226970.65,3758001.75,3633442.75,3.19
2015-05-29,14.35,14.55,14.35,13.98,2845316.5,0.0,0.0,14.978,14.558,14.316,4500024.7,3684488.88,3633011.16,2.93
2015-05-28,15.51,15.64,14.35,14.01,4503202.5,-1.05,-6.82,15.006,14.539,14.328,4691210.45,3739098.05,3761319.66,4.64
2015-05-27,15.65,15.85,15.4,15.37,4124448.5,-0.37,-2.35,14.966,14.563,14.323,4298672.0,4067403.15,3674825.99,4.25
2015-05-26,15.27,15.87,15.77,14.86,6561486.0,0.75,4.99,14.696,14.493,14.262,4084970.5,4235504.4,3661905.51,6.75
2015-05-25,14.53,15.13,15.02,14.53,4465670.0,0.53,3.66,14.374,14.308,14.209,3289032.85,3834088.6,3545112.24,4.6
2015-05-22,14.21,14.58,14.49,14.15,3801245.25,0.34,2.4,14.138,14.213,14.179,2868953.05,3752829.08,3502861.84,3.91
2015-05-21,14.08,14.3,14.15,13.91,2540510.25,0.1,0.71,14.072,14.144,14.192,2786985.65,3570562.05,3548666.13,2.61
2015-05-20,14.18,14.38,14.05,13.98,3055941.0,-0.11,-0.78,14.16,14.09,14.229,3836134.3,3491933.3,3645078.76,3.15
2015-05-19,13.88,14.26,14.16,13.8,2581797.75,0.32,2.31,14.29,14.041,14.25,4386038.3,3438511.1,3679443.88,2.66
2015-05-18,13.99,13.99,13.84,13.7,2365271.0,-0.32,-2.26,14.242,14.002,14.253,4379144.35,3508883.75,3847012.24,2.43
2015-05-15,14.71,14.78,14.16,13.99,3391408.25,-0.43,-2.95,14.288,14.073,14.294,4636705.1,3581533.45,4021053.34,3.49
2015-05-14,14.9,15.6,14.59,14.53,7786253.5,-0.11,-0.75,14.216,14.117,14.301,4354138.45,3783541.28,4018794.59,8.01
2015-05-13,13.93,14.92,14.7,13.73,5805461.0,0.78,5.6,14.02,14.082,14.267,3147732.3,3282248.83,3768683.04,5.98
2015-05-12,14.04,14.04,13.92,13.83,2547328.0,-0.15,-1.07,13.792,14.031,14.238,2490983.9,3088306.63,3642247.99,2.62
2015-05-11,14.0,14.1,14.07,13.81,3653074.75,0.27,1.96,13.762,14.109,14.26,2638623.15,3256135.88,3718596.86,3.76
2015-05-08,13.7,13.81,13.8,13.47,1978575.0,0.19,1.4,13.858,14.144,14.273,2526361.8,3252894.6,3748390.23,2.04
2015-05-07,13.54,13.78,13.61,13.48,1754222.75,0.05,0.37,14.018,14.24,14.315,3212944.1,3526770.2,4008038.8,1.81
2015-05-06,13.83,14.05,13.56,13.41,2521719.0,-0.21,-1.52,14.144,14.367,14.325,3416765.35,3798224.23,4144818.41,2.6
2015-05-05,14.61,14.63,13.77,13.62,3285524.25,-0.78,-5.36,14.27,14.459,14.333,3685629.35,3920376.65,4206392.21,3.38
2015-05-04,14.62,14.79,14.55,14.4,3091768.0,-0.05,-0.34,14.456,14.503,14.317,3873648.6,4185140.73,4220397.6,3.18
2015-04-30,14.33,14.93,14.6,14.21,5411486.5,0.36,2.53,14.43,14.515,14.269,3979427.4,4460573.22,4225771.53,5.57
2015-04-29,14.07,14.43,14.24,13.93,2773329.0,0.05,0.35,14.462,14.485,14.225,3840596.3,4254047.9,4143098.94,2.85
2015-04-28,14.65,14.66,14.19,14.11,3866039.0,-0.51,-3.47,14.59,14.451,14.204,4179683.1,4255117.25,4378506.16,3.98
2015-04-27,14.41,14.7,14.7,14.3,4225620.5,0.28,1.94,14.648,14.444,14.207,4155123.95,4196189.35,4503286.61,4.35
2015-04-24,14.48,14.7,14.42,14.15,3620662.0,-0.34,-2.3,14.55,14.411,14.139,4496632.85,4181057.85,4464085.09,3.73
2015-04-23,15.15,15.25,14.76,14.65,4717331.0,-0.12,-0.81,14.6,14.401,14.066,4941719.05,4243885.85,4387552.38,4.86
2015-04-22,14.5,14.92,14.88,14.41,4468763.0,0.4,2.76,14.508,14.389,13.967,4667499.5,4489307.4,4255373.89,4.6
2015-04-21,14.16,14.55,14.48,14.02,3743243.25,0.27,1.9,14.312,14.283,13.875,4330551.4,4491412.6,4164744.21,3.85
2015-04-20,14.78,15.1,14.21,14.19,5933165.0,-0.46,-3.14,14.24,14.207,13.819,4237254.75,4492407.78,4143262.65,6.11
2015-04-17,14.52,14.92,14.67,14.31,5846093.0,0.37,2.59,14.272,14.131,13.766,3865482.85,4255654.47,4021305.21,6.02
2015-04-16,13.84,14.3,14.3,13.77,3346233.25,0.4,2.88,14.202,14.023,13.676,3546052.65,3990969.83,3835490.01,3.44
2015-04-15,14.1,14.18,13.9,13.81,2784022.5,-0.22,-1.56,14.27,13.965,13.618,4311115.3,4032149.98,3812951.74,2.87
2015-04-14,14.33,14.46,14.12,14.0,3276760.0,-0.25,-1.74,14.254,13.957,13.554,4652273.8,4501895.08,3780168.08,3.37
2015-04-13,14.42,14.62,14.37,14.22,4074305.5,0.05,0.35,14.174,13.969,13.473,4747560.8,4810383.88,3704019.17,4.19
2015-04-10,14.28,14.47,14.32,14.07,4248942.0,-0.32,-2.19,13.99,13.867,13.366,4645826.1,4747112.33,3567007.38,4.37
2015-04-09,13.83,14.82,14.64,13.51,7171546.5,0.82,5.93,13.844,13.73,13.261,4435887.0,4531218.9,3445496.71,7.38
2015-04-08,13.72,13.92,13.82,13.41,4489815.0,0.1,0.73,13.66,13.544,13.125,3753184.65,4021440.38,3144606.06,4.62
2015-04-07,13.48,13.73,13.72,13.37,3753195.0,0.27,2.01,13.66,13.467,13.035,4351516.35,3838075.83,2973970.81,3.86
2015-04-03,13.41,13.48,13.45,13.19,3565632.0,-0.14,-1.03,13.764,13.431,12.96,4873206.95,3794117.53,2888522.51,3.67
2015-04-02,13.76,13.92,13.59,13.43,3199246.5,-0.13,-0.95,13.744,13.4,12.885,4848398.55,3786955.95,2765492.75,3.29
2015-04-01,13.73,13.86,13.72,13.47,3758034.75,-0.1,-0.72,13.616,13.328,12.8,4626550.8,3680010.2,2695219.77,3.87
2015-03-31,14.85,14.97,13.82,13.65,7481473.5,-0.42,-2.95,13.428,13.27,12.725,4289696.1,3593753.5,2589674.91,7.7
2015-03-30,13.4,14.48,14.24,13.18,6361648.0,0.89,6.67,13.274,13.151,12.667,3324635.3,3058441.08,2332211.83,6.55
2015-03-27,13.18,13.35,13.35,13.02,3441590.0,0.4,3.09,13.098,12.976,12.58,2715028.1,2597654.46,2108354.26,3.54
2015-03-26,12.69,13.05,12.95,12.57,2090007.75,0.17,1.33,13.056,12.864,12.535,2725513.35,2386902.44,2029928.63,2.15
2015-03-25,13.04,13.04,12.78,12.69,2073761.25,-0.27,-2.07,13.04,12.791,12.509,2733469.6,2359774.51,2026173.69,2.13
2015-03-24,13.37,13.38,13.05,12.86,2656169.5,-0.31,-2.32,13.112,12.706,12.491,2897810.9,2267771.75,2023001.18,2.73
2015-03-23,13.3,13.65,13.36,13.26,3313612.0,0.22,1.67,13.028,12.603,12.451,2792246.85,2109865.79,1977774.88,3.41
2015-03-20,12.95,13.35,13.14,12.78,3494016.25,0.27,2.1,12.854,12.489,12.381,2480280.83,1982927.49,1875018.17,3.6
2015-03-19,13.08,13.08,12.87,12.76,2129789.0,-0.27,-2.06,12.672,12.369,12.318,2048291.53,1744029.55,1740101.67,2.19
2015-03-18,12.65,13.2,13.14,12.65,2895467.75,0.51,4.04,12.542,12.272,12.267,1986079.43,1710429.34,1704675.55,2.98
2015-03-17,12.59,12.74,12.63,12.51,2128349.25,0.14,1.12,12.3,12.18,12.18,1637732.6,1585596.33,1585596.33,2.19
2015-03-16,12.36,12.53,12.49,12.26,1753781.88,0.26,2.13,12.178,12.13,12.13,1427484.73,1525290.45,1525290.45,1.81
2015-03-13,12.27,12.4,12.23,12.16,1334069.75,0.01,0.08,12.124,12.085,12.085,1485574.15,1496729.02,1496729.02,1.37
2015-03-12,12.06,12.29,12.22,11.96,1818728.5,0.29,2.43,12.066,12.064,12.064,1439767.58,1519966.05,1519966.05,1.87
2015-03-11,12.02,12.2,11.93,11.87,1153733.62,-0.09,-0.75,12.002,12.038,12.038,1434779.25,1470172.31,1470172.31,1.19
2015-03-10,12.09,12.16,12.02,11.97,1077109.88,-0.2,-1.64,12.06,12.06,12.06,1533460.05,1533460.05,1533460.05,1.11
2015-03-09,11.8,12.36,12.22,11.53,2044229.0,0.28,2.35,12.07,12.07,12.07,1647547.6,1647547.6,1647547.6,2.1
2015-03-06,11.9,12.13,11.94,11.88,1105036.88,0.04,0.34,12.02,12.02,12.02,1515320.46,1515320.46,1515320.46,1.14
2015-03-05,12.09,12.16,11.9,11.81,1793786.88,-0.32,-2.62,12.06,12.06,12.06,1720462.25,1720462.25,1720462.25,1.85
2015-03-04,12.2,12.38,12.22,12.04,1647137.62,0.02,0.16,12.22,12.22,12.22,1647137.62,1647137.62,1647137.62,1.7
